scale,self_low,r_inflow,r_to_b,rec_every,jumps,rec_amt,seeds,stuck_runs,leave,R_share,A_share,B_share,C_share,switch_rate,rock_peak,min_strand_share,lock,silent,flat,never_left,pass_seeds
0.1,0.1,0.0,0.1,0,0,0.4,8,0,4.5,0.0401,0.2416,0.3855,0.3325,0.1827,0.5937,0.0007,0,0,0,0,8
0.1,0.1,0.0,0.1,0,2,0.4,8,0,3.0,0.0877,0.2017,0.4032,0.3074,0.1175,0.6592,0.0133,3,0,0,0,5
0.1,0.1,0.0,0.1,200,0,0.4,8,0,4.5,0.0403,0.2412,0.3852,0.3337,0.186,0.5958,0.0007,0,0,0,0,8
0.1,0.1,0.0,0.1,200,2,0.4,8,0,3.0,0.088,0.2018,0.4031,0.3075,0.1223,0.6583,0.0135,2,0,0,0,6
0.1,0.1,0.0,0.3,0,0,0.4,8,0,3.0,0.0425,0.2384,0.3928,0.3273,0.2158,0.5825,0.0005,0,0,0,0,8
0.1,0.1,0.0,0.3,0,2,0.4,8,0,3.0,0.0954,0.1987,0.4025,0.3025,0.1987,0.6333,0.018,0,0,0,0,8
0.1,0.1,0.0,0.3,200,0,0.4,8,0,3.0,0.0424,0.2374,0.3924,0.3284,0.2192,0.5806,0.0003,0,0,0,0,8
0.1,0.1,0.0,0.3,200,2,0.4,8,0,3.0,0.0956,0.1986,0.4026,0.3026,0.2032,0.6396,0.0182,0,0,0,0,8
0.1,0.1,0.0,0.6,0,0,0.4,8,0,3.0,0.0439,0.2307,0.4019,0.3242,0.2752,0.5536,0.0005,0,0,0,0,8
0.1,0.1,0.0,0.6,0,2,0.4,8,0,3.0,0.1035,0.1954,0.4018,0.2999,0.2548,0.5634,0.0202,0,0,0,0,8
0.1,0.1,0.0,0.6,200,0,0.4,8,0,3.0,0.0437,0.2296,0.4017,0.3255,0.2787,0.5458,0.0003,0,0,0,0,8
0.1,0.1,0.0,0.6,200,2,0.4,8,0,3.0,0.1039,0.1954,0.402,0.2995,0.2593,0.5725,0.0202,0,0,0,0,8
0.1,0.1,0.02,0.1,0,0,0.4,8,0,4.5,0.1139,0.2074,0.3947,0.2832,0.1382,0.5923,0.0238,1,0,0,0,7
0.1,0.1,0.02,0.1,0,2,0.4,8,0,3.0,0.1136,0.1901,0.4049,0.292,0.1095,0.624,0.0228,2,0,0,0,6
0.1,0.1,0.02,0.1,200,0,0.4,8,0,4.5,0.1134,0.2065,0.395,0.2842,0.1453,0.5908,0.0235,1,0,0,0,7
0.1,0.1,0.02,0.1,200,2,0.4,8,0,3.0,0.1136,0.1901,0.4049,0.292,0.115,0.624,0.0228,2,0,0,0,6
0.1,0.1,0.02,0.3,0,0,0.4,8,0,3.0,0.1086,0.2013,0.4051,0.2806,0.2245,0.5652,0.018,0,0,0,0,8
0.1,0.1,0.02,0.3,0,2,0.4,8,0,3.0,0.1136,0.1901,0.4049,0.2921,0.1965,0.6092,0.0228,0,0,0,0,8
0.1,0.1,0.02,0.3,200,0,0.4,8,0,3.0,0.1085,0.2009,0.4049,0.2826,0.2277,0.5684,0.0182,0,0,0,0,8
0.1,0.1,0.02,0.3,200,2,0.4,8,0,3.0,0.1136,0.1901,0.4049,0.2921,0.2025,0.6092,0.0228,0,0,0,0,8
0.1,0.1,0.02,0.6,0,0,0.4,8,0,3.0,0.1066,0.1975,0.4141,0.279,0.2792,0.4679,0.0163,0,0,0,0,8
0.1,0.1,0.02,0.6,0,2,0.4,8,0,3.0,0.1136,0.1897,0.4051,0.2921,0.2565,0.5212,0.0228,0,0,0,0,8
0.1,0.1,0.02,0.6,200,0,0.4,8,0,3.0,0.1065,0.197,0.4142,0.2793,0.285,0.471,0.0165,0,0,0,0,8
0.1,0.1,0.02,0.6,200,2,0.4,8,0,3.0,0.1136,0.1897,0.4051,0.2921,0.2637,0.5212,0.0228,0,0,0,0,8
0.1,0.1,0.1,0.1,0,0,0.4,8,0,4.5,0.1474,0.1936,0.3965,0.2647,0.1238,0.5971,0.0367,1,0,0,0,7
0.1,0.1,0.1,0.1,0,2,0.4,8,0,3.0,0.1136,0.1901,0.4049,0.292,0.11,0.624,0.0228,2,0,0,0,6
0.1,0.1,0.1,0.1,200,0,0.4,8,0,4.5,0.146,0.1934,0.3961,0.266,0.1313,0.5836,0.036,1,0,0,0,7
0.1,0.1,0.1,0.1,200,2,0.4,8,0,3.0,0.1136,0.1901,0.4049,0.292,0.1157,0.624,0.0228,2,0,0,0,6
0.1,0.1,0.1,0.3,0,0,0.4,8,0,3.0,0.1393,0.1898,0.4076,0.2639,0.221,0.5609,0.031,0,0,0,0,8
0.1,0.1,0.1,0.3,0,2,0.4,8,0,3.0,0.1136,0.1901,0.4049,0.2921,0.1965,0.6092,0.0228,0,0,0,0,8
0.1,0.1,0.1,0.3,200,0,0.4,8,0,3.0,0.1387,0.1895,0.4075,0.2652,0.2237,0.5632,0.0308,0,0,0,0,8
0.1,0.1,0.1,0.3,200,2,0.4,8,0,3.0,0.1136,0.1901,0.4049,0.2921,0.2025,0.6092,0.0228,0,0,0,0,8
0.1,0.1,0.1,0.6,0,0,0.4,8,0,3.0,0.1331,0.1874,0.4152,0.263,0.268,0.4664,0.0272,0,0,0,0,8
0.1,0.1,0.1,0.6,0,2,0.4,8,0,3.0,0.1136,0.1897,0.4051,0.2921,0.2565,0.5212,0.0228,0,0,0,0,8
0.1,0.1,0.1,0.6,200,0,0.4,8,0,3.0,0.1325,0.1872,0.4151,0.2644,0.2723,0.467,0.0263,0,0,0,0,8
0.1,0.1,0.1,0.6,200,2,0.4,8,0,3.0,0.1136,0.1897,0.4051,0.2921,0.2637,0.5212,0.0228,0,0,0,0,8
0.1,0.3,0.0,0.1,0,0,0.4,8,0,4.5,0.0357,0.2538,0.381,0.3309,0.3328,0.2785,0.0003,0,0,0,0,8
0.1,0.3,0.0,0.1,0,2,0.4,8,0,3.0,0.0827,0.2021,0.4183,0.2954,0.2215,0.3858,0.0097,0,0,0,0,8
0.1,0.3,0.0,0.1,200,0,0.4,8,0,4.5,0.0353,0.2531,0.3803,0.3318,0.336,0.2865,0.0003,0,0,0,0,8
0.1,0.3,0.0,0.1,200,2,0.4,8,0,3.0,0.0827,0.2017,0.4184,0.2961,0.2258,0.3921,0.0098,0,0,0,0,8
0.1,0.3,0.0,0.3,0,0,0.4,8,0,3.0,0.0369,0.2501,0.3867,0.327,0.3753,0.2992,0.0003,0,0,0,0,7
0.1,0.3,0.0,0.3,0,2,0.4,8,0,3.0,0.0861,0.2007,0.4172,0.2931,0.2955,0.3943,0.0125,0,0,0,0,8
0.1,0.3,0.0,0.3,200,0,0.4,8,0,3.0,0.037,0.2489,0.3867,0.3282,0.3768,0.3103,0.0003,0,0,0,0,7
0.1,0.3,0.0,0.3,200,2,0.4,8,0,3.0,0.0861,0.2004,0.4174,0.2939,0.2993,0.3997,0.0125,0,0,0,0,8
0.1,0.3,0.0,0.6,0,0,0.4,8,0,3.0,0.0404,0.2444,0.3972,0.3213,0.4177,0.3339,0.0003,0,0,0,0,8
0.1,0.3,0.0,0.6,0,2,0.4,8,0,3.0,0.0926,0.1987,0.415,0.2909,0.3653,0.3745,0.0152,0,0,0,0,8
0.1,0.3,0.0,0.6,200,0,0.4,8,0,3.0,0.0402,0.2427,0.3961,0.3222,0.4207,0.3363,0.0003,0,0,0,0,8
0.1,0.3,0.0,0.6,200,2,0.4,8,0,3.0,0.0925,0.1983,0.415,0.2913,0.3728,0.3764,0.0153,0,0,0,0,8
0.1,0.3,0.02,0.1,0,0,0.4,8,0,4.5,0.109,0.2167,0.3922,0.2813,0.2645,0.2889,0.0215,0,0,0,0,8
0.1,0.3,0.02,0.1,0,2,0.4,8,0,3.0,0.111,0.1854,0.4269,0.2748,0.1932,0.3743,0.0175,0,0,0,0,8
0.1,0.3,0.02,0.1,200,0,0.4,8,0,4.5,0.1087,0.2166,0.3915,0.2823,0.27,0.2836,0.0213,0,0,0,0,8
0.1,0.3,0.02,0.1,200,2,0.4,8,0,3.0,0.1106,0.1853,0.4261,0.2753,0.198,0.3739,0.0175,0,0,0,0,8
0.1,0.3,0.02,0.3,0,0,0.4,8,0,3.0,0.1031,0.2118,0.4062,0.279,0.3603,0.2759,0.0143,0,0,0,0,8
0.1,0.3,0.02,0.3,0,2,0.4,8,0,3.0,0.114,0.1847,0.4218,0.2773,0.2932,0.3851,0.02,0,0,0,0,8
0.1,0.3,0.02,0.3,200,0,0.4,8,0,3.0,0.1029,0.2109,0.4064,0.2797,0.3648,0.2686,0.0142,0,0,0,0,8
0.1,0.3,0.02,0.3,200,2,0.4,8,0,3.0,0.1141,0.1848,0.4211,0.2777,0.2963,0.3851,0.02,0,0,0,0,8
0.1,0.3,0.02,0.6,0,0,0.4,8,0,3.0,0.1006,0.2065,0.4171,0.2726,0.4252,0.2252,0.0105,0,0,0,0,7
0.1,0.3,0.02,0.6,0,2,0.4,8,0,3.0,0.1174,0.1844,0.418,0.2798,0.3662,0.3463,0.0228,0,0,0,0,8
0.1,0.3,0.02,0.6,200,0,0.4,8,0,3.0,0.0999,0.2069,0.4176,0.2731,0.431,0.2254,0.0107,0,0,0,0,7
0.1,0.3,0.02,0.6,200,2,0.4,8,0,3.0,0.1174,0.1847,0.4177,0.2798,0.3685,0.3401,0.0227,0,0,0,0,8
0.1,0.3,0.1,0.1,0,0,0.4,8,0,4.5,0.1695,0.1894,0.396,0.2469,0.2297,0.2902,0.0343,0,0,0,0,8
0.1,0.3,0.1,0.1,0,2,0.4,8,0,3.0,0.1253,0.184,0.4179,0.2741,0.1917,0.3822,0.0242,0,0,0,0,8
0.1,0.3,0.1,0.1,200,0,0.4,8,0,4.5,0.1684,0.1891,0.3953,0.2482,0.2357,0.2919,0.0342,0,0,0,0,8
0.1,0.3,0.1,0.1,200,2,0.4,8,0,3.0,0.1254,0.1845,0.4182,0.2736,0.1967,0.3729,0.0242,0,0,0,0,8
0.1,0.3,0.1,0.3,0,0,0.4,8,0,3.0,0.1552,0.186,0.4112,0.2471,0.3442,0.2818,0.0303,0,0,0,0,8
0.1,0.3,0.1,0.3,0,2,0.4,8,0,3.0,0.1264,0.1843,0.4152,0.2759,0.2935,0.4161,0.0265,0,0,0,0,8
0.1,0.3,0.1,0.3,200,0,0.4,8,0,3.0,0.1551,0.1849,0.412,0.2475,0.3523,0.2853,0.0302,0,0,0,0,8
0.1,0.3,0.1,0.3,200,2,0.4,8,0,3.0,0.1263,0.1846,0.4148,0.2765,0.2968,0.4153,0.0265,0,0,0,0,8
0.1,0.3,0.1,0.6,0,0,0.4,8,0,3.0,0.1466,0.1839,0.4229,0.2473,0.4078,0.2043,0.0237,0,0,0,0,4
0.1,0.3,0.1,0.6,0,2,0.4,8,0,3.0,0.1206,0.1867,0.4126,0.2825,0.3637,0.3523,0.0243,0,0,0,0,8
0.1,0.3,0.1,0.6,200,0,0.4,8,0,3.0,0.1461,0.1845,0.422,0.248,0.4117,0.2006,0.0235,0,0,0,0,4
0.1,0.3,0.1,0.6,200,2,0.4,8,0,3.0,0.1204,0.1869,0.4127,0.283,0.3672,0.3522,0.0238,0,0,0,0,8
0.1,0.6,0.0,0.1,0,0,0.4,8,0,3.0,0.0301,0.2596,0.3773,0.3325,0.519,0.0745,0.0003,0,0,0,0,0
0.1,0.6,0.0,0.1,0,2,0.4,8,0,3.0,0.0831,0.2021,0.4214,0.2923,0.3772,0.1421,0.01,0,0,0,0,1
0.1,0.6,0.0,0.1,200,0,0.4,8,0,3.0,0.0301,0.2594,0.3769,0.3329,0.5213,0.0755,0.0003,0,0,0,0,0
0.1,0.6,0.0,0.1,200,2,0.4,8,0,3.0,0.0831,0.2015,0.4214,0.2926,0.382,0.1453,0.01,0,0,0,0,1
0.1,0.6,0.0,0.3,0,0,0.4,8,0,3.0,0.0315,0.2565,0.382,0.3297,0.5732,0.0852,0.0003,0,0,0,0,0
0.1,0.6,0.0,0.3,0,2,0.4,8,0,2.5,0.087,0.2005,0.4199,0.2913,0.4615,0.179,0.0122,0,0,0,0,3
0.1,0.6,0.0,0.3,200,0,0.4,8,0,3.0,0.0314,0.256,0.3816,0.3303,0.572,0.0821,0.0003,0,0,0,0,0
0.1,0.6,0.0,0.3,200,2,0.4,8,0,2.5,0.0871,0.2005,0.4196,0.2917,0.4637,0.1825,0.012,0,0,0,0,3
0.1,0.6,0.0,0.6,0,0,0.4,8,0,2.5,0.0343,0.2518,0.387,0.3272,0.5935,0.0958,0.0,0,0,0,0,0
0.1,0.6,0.0,0.6,0,2,0.4,8,0,2.5,0.0905,0.1983,0.4189,0.2892,0.5308,0.1866,0.0138,0,0,0,0,3
0.1,0.6,0.0,0.6,200,0,0.4,8,0,2.5,0.034,0.2513,0.387,0.3274,0.5962,0.0952,0.0,0,0,0,0,0
0.1,0.6,0.0,0.6,200,2,0.4,8,0,2.5,0.0906,0.198,0.4192,0.2894,0.5323,0.19,0.0138,0,0,0,0,3
0.1,0.6,0.02,0.1,0,0,0.4,8,0,3.0,0.1008,0.2215,0.3962,0.2839,0.4393,0.0798,0.0138,0,0,0,0,0
0.1,0.6,0.02,0.1,0,2,0.4,8,0,3.0,0.1101,0.1814,0.4369,0.2718,0.3322,0.1337,0.0155,0,0,0,0,0
0.1,0.6,0.02,0.1,200,0,0.4,8,0,3.0,0.1006,0.2206,0.3959,0.285,0.4415,0.0778,0.0137,0,0,0,0,0
0.1,0.6,0.02,0.1,200,2,0.4,8,0,3.0,0.1096,0.1818,0.4369,0.2719,0.3348,0.1343,0.0153,0,0,0,0,0
0.1,0.6,0.02,0.3,0,0,0.4,8,0,3.0,0.0937,0.2178,0.4063,0.2833,0.5673,0.0773,0.008,0,0,0,0,0
0.1,0.6,0.02,0.3,0,2,0.4,8,0,2.5,0.1115,0.1805,0.4364,0.2716,0.4358,0.1651,0.017,0,0,0,0,1
0.1,0.6,0.02,0.3,200,0,0.4,8,0,3.0,0.0934,0.2172,0.4064,0.284,0.5665,0.0696,0.0077,0,0,0,0,0
0.1,0.6,0.02,0.3,200,2,0.4,8,0,2.5,0.1114,0.1809,0.436,0.2714,0.4383,0.168,0.017,0,0,0,0,1
0.1,0.6,0.02,0.6,0,0,0.4,8,0,3.0,0.0898,0.2143,0.4152,0.2804,0.6207,0.0721,0.005,0,0,0,0,0
0.1,0.6,0.02,0.6,0,2,0.4,8,0,2.5,0.115,0.1794,0.4332,0.2715,0.5275,0.1696,0.0197,0,0,0,0,3
0.1,0.6,0.02,0.6,200,0,0.4,8,0,3.0,0.09,0.2136,0.4151,0.2813,0.6238,0.0707,0.0048,0,0,0,0,0
0.1,0.6,0.02,0.6,200,2,0.4,8,0,2.5,0.1151,0.1794,0.4331,0.2713,0.5282,0.1713,0.0198,0,0,0,0,3
0.1,0.6,0.1,0.1,0,0,0.4,8,0,3.0,0.1789,0.1822,0.4055,0.2345,0.3625,0.0828,0.027,0,0,0,0,0
0.1,0.6,0.1,0.1,0,2,0.4,8,0,3.0,0.1315,0.1687,0.4425,0.2589,0.3005,0.1169,0.0202,0,0,0,0,1
0.1,0.6,0.1,0.1,200,0,0.4,8,0,3.0,0.1782,0.1814,0.4047,0.2364,0.3642,0.0786,0.0272,0,0,0,0,0
0.1,0.6,0.1,0.1,200,2,0.4,8,0,3.0,0.1308,0.169,0.4423,0.2593,0.3035,0.1214,0.0202,0,0,0,0,0
0.1,0.6,0.1,0.3,0,0,0.4,8,0,3.0,0.1566,0.183,0.42,0.2419,0.53,0.0859,0.0247,0,0,0,0,0
0.1,0.6,0.1,0.3,0,2,0.4,8,0,3.0,0.1312,0.1682,0.4414,0.2593,0.4185,0.1586,0.0212,0,0,0,0,1
0.1,0.6,0.1,0.3,200,0,0.4,8,0,3.0,0.1558,0.1834,0.4191,0.2429,0.5312,0.0853,0.0252,0,0,0,0,0
0.1,0.6,0.1,0.3,200,2,0.4,8,0,3.0,0.1305,0.1689,0.441,0.2598,0.421,0.1638,0.021,0,0,0,0,1
0.1,0.6,0.1,0.6,0,0,0.4,8,0,3.0,0.1455,0.1785,0.4338,0.2433,0.6095,0.07,0.0183,0,0,0,0,0
0.1,0.6,0.1,0.6,0,2,0.4,8,0,2.5,0.1377,0.1664,0.4379,0.2579,0.5233,0.1445,0.0223,0,0,0,0,2
0.1,0.6,0.1,0.6,200,0,0.4,8,0,3.0,0.1452,0.1778,0.4332,0.2431,0.6147,0.0694,0.0188,0,0,0,0,0
0.1,0.6,0.1,0.6,200,2,0.4,8,0,2.5,0.1368,0.1671,0.437,0.2583,0.526,0.1474,0.0225,0,0,0,0,2
0.3,0.1,0.0,0.1,0,0,0.4,8,0,4.5,0.0414,0.2309,0.3925,0.3353,0.3078,0.4062,0.0005,0,0,0,0,8
0.3,0.1,0.0,0.1,0,2,0.4,8,0,3.0,0.1084,0.1917,0.4053,0.2953,0.2343,0.4574,0.0207,0,0,0,0,8
0.3,0.1,0.0,0.1,200,0,0.4,8,0,4.5,0.0414,0.2309,0.3925,0.3353,0.3092,0.4072,0.0005,0,0,0,0,8
0.3,0.1,0.0,0.1,200,2,0.4,8,0,3.0,0.1084,0.1917,0.4053,0.2953,0.2368,0.4574,0.0207,0,0,0,0,8
0.3,0.1,0.0,0.3,0,0,0.4,8,0,3.0,0.0421,0.2282,0.3946,0.3341,0.3108,0.3693,0.0003,0,0,0,0,8
0.3,0.1,0.0,0.3,0,2,0.4,8,0,3.0,0.1118,0.1902,0.4057,0.2927,0.2535,0.3686,0.0225,0,0,0,0,8
0.3,0.1,0.0,0.3,200,0,0.4,8,0,3.0,0.0419,0.2283,0.3945,0.3341,0.3138,0.3699,0.0003,0,0,0,0,8
0.3,0.1,0.0,0.3,200,2,0.4,8,0,3.0,0.1118,0.1902,0.4057,0.2927,0.2558,0.3686,0.0225,0,0,0,0,8
0.3,0.1,0.0,0.6,0,0,0.4,8,0,3.0,0.0425,0.2261,0.3956,0.3331,0.3438,0.3108,0.0003,0,0,0,0,8
0.3,0.1,0.0,0.6,0,2,0.4,8,0,3.0,0.1128,0.1901,0.4051,0.2923,0.3265,0.3149,0.0228,0,0,0,0,8
0.3,0.1,0.0,0.6,200,0,0.4,8,0,3.0,0.0424,0.2261,0.3957,0.3331,0.3462,0.3105,0.0003,0,0,0,0,8
0.3,0.1,0.0,0.6,200,2,0.4,8,0,3.0,0.1128,0.1901,0.4051,0.2923,0.3287,0.3149,0.0228,0,0,0,0,8
0.3,0.1,0.02,0.1,0,0,0.4,8,0,4.5,0.0945,0.2064,0.3994,0.3002,0.2607,0.4323,0.0162,0,0,0,0,8
0.3,0.1,0.02,0.1,0,2,0.4,8,0,3.0,0.1136,0.1897,0.4051,0.2921,0.2305,0.4643,0.0228,0,0,0,0,8
0.3,0.1,0.02,0.1,200,0,0.4,8,0,4.5,0.0944,0.2064,0.3993,0.3001,0.2605,0.4316,0.0162,0,0,0,0,8
0.3,0.1,0.02,0.1,200,2,0.4,8,0,3.0,0.1136,0.1897,0.4051,0.2921,0.2327,0.4643,0.0228,0,0,0,0,8
0.3,0.1,0.02,0.3,0,0,0.4,8,0,3.0,0.0934,0.206,0.4011,0.299,0.2808,0.3715,0.0145,0,0,0,0,8
0.3,0.1,0.02,0.3,0,2,0.4,8,0,3.0,0.1136,0.1897,0.4051,0.2921,0.2538,0.3702,0.0228,0,0,0,0,8
0.3,0.1,0.02,0.3,200,0,0.4,8,0,3.0,0.0933,0.2061,0.4011,0.2992,0.2812,0.3715,0.0145,0,0,0,0,8
0.3,0.1,0.02,0.3,200,2,0.4,8,0,3.0,0.1136,0.1897,0.4051,0.2921,0.2557,0.3702,0.0228,0,0,0,0,8
0.3,0.1,0.02,0.6,0,0,0.4,8,0,3.0,0.092,0.2056,0.4033,0.2991,0.346,0.316,0.014,0,0,0,0,8
0.3,0.1,0.02,0.6,0,2,0.4,8,0,3.0,0.1136,0.1897,0.4051,0.2921,0.3277,0.3105,0.0228,0,0,0,0,8
0.3,0.1,0.02,0.6,200,0,0.4,8,0,3.0,0.0922,0.2055,0.4033,0.2989,0.3467,0.3146,0.014,0,0,0,0,8
0.3,0.1,0.02,0.6,200,2,0.4,8,0,3.0,0.1136,0.1897,0.4051,0.2921,0.3297,0.3105,0.0228,0,0,0,0,8
0.3,0.1,0.1,0.1,0,0,0.4,8,0,4.5,0.1184,0.1976,0.3985,0.2861,0.2408,0.4351,0.0257,0,0,0,0,8
0.3,0.1,0.1,0.1,0,2,0.4,8,0,3.0,0.1136,0.1897,0.4051,0.2921,0.2305,0.4643,0.0228,0,0,0,0,8
0.3,0.1,0.1,0.1,200,0,0.4,8,0,4.5,0.1186,0.1973,0.399,0.286,0.2403,0.43,0.0257,0,0,0,0,8
0.3,0.1,0.1,0.1,200,2,0.4,8,0,3.0,0.1136,0.1897,0.4051,0.2921,0.2327,0.4643,0.0228,0,0,0,0,8
0.3,0.1,0.1,0.3,0,0,0.4,8,0,3.0,0.1125,0.1963,0.4032,0.2862,0.2663,0.3343,0.0223,0,0,0,0,8
0.3,0.1,0.1,0.3,0,2,0.4,8,0,3.0,0.1136,0.1897,0.4051,0.2921,0.2538,0.3702,0.0228,0,0,0,0,8
0.3,0.1,0.1,0.3,200,0,0.4,8,0,3.0,0.1128,0.1964,0.4032,0.2863,0.2677,0.3346,0.0223,0,0,0,0,8
0.3,0.1,0.1,0.3,200,2,0.4,8,0,3.0,0.1136,0.1897,0.4051,0.2921,0.2557,0.3702,0.0228,0,0,0,0,8
0.3,0.1,0.1,0.6,0,0,0.4,8,0,3.0,0.112,0.1945,0.4064,0.2868,0.3417,0.3084,0.0208,0,0,0,0,8
0.3,0.1,0.1,0.6,0,2,0.4,8,0,3.0,0.1136,0.1897,0.4051,0.2921,0.3277,0.3105,0.0228,0,0,0,0,8
0.3,0.1,0.1,0.6,200,0,0.4,8,0,3.0,0.1116,0.1945,0.4064,0.2864,0.3418,0.3143,0.0208,0,0,0,0,8
0.3,0.1,0.1,0.6,200,2,0.4,8,0,3.0,0.1136,0.1897,0.4051,0.2921,0.3297,0.3105,0.0228,0,0,0,0,8
0.3,0.3,0.0,0.1,0,0,0.4,8,0,3.5,0.0377,0.2436,0.3875,0.3338,0.4203,0.2058,0.0003,0,0,0,0,4
0.3,0.3,0.0,0.1,0,2,0.4,8,0,3.0,0.0854,0.2009,0.4048,0.3093,0.3338,0.2991,0.0123,0,0,0,0,8
0.3,0.3,0.0,0.1,200,0,0.4,8,0,3.5,0.0375,0.2433,0.3874,0.334,0.4213,0.2058,0.0003,0,0,0,0,4
0.3,0.3,0.0,0.1,200,2,0.4,8,0,3.0,0.0854,0.2009,0.4048,0.3095,0.3357,0.2991,0.0122,0,0,0,0,8
0.3,0.3,0.0,0.3,0,0,0.4,8,0,3.0,0.0381,0.242,0.3897,0.3331,0.4252,0.185,0.0003,0,0,0,0,3
0.3,0.3,0.0,0.3,0,2,0.4,8,0,3.0,0.0901,0.2001,0.4029,0.3051,0.3478,0.2546,0.015,0,0,0,0,7
0.3,0.3,0.0,0.3,200,0,0.4,8,0,3.0,0.0379,0.2418,0.3893,0.3334,0.427,0.1845,0.0003,0,0,0,0,3
0.3,0.3,0.0,0.3,200,2,0.4,8,0,3.0,0.0902,0.1999,0.4029,0.3051,0.3495,0.2546,0.015,0,0,0,0,7
0.3,0.3,0.0,0.6,0,0,0.4,8,0,3.0,0.0388,0.2397,0.3924,0.3305,0.4455,0.184,0.0003,0,0,0,0,2
0.3,0.3,0.0,0.6,0,2,0.4,8,0,3.0,0.0971,0.1986,0.4021,0.3013,0.4003,0.2418,0.0193,0,0,0,0,7
0.3,0.3,0.0,0.6,200,0,0.4,8,0,3.0,0.0387,0.2397,0.3921,0.3305,0.4472,0.1846,0.0003,0,0,0,0,2
0.3,0.3,0.0,0.6,200,2,0.4,8,0,3.0,0.0971,0.1986,0.402,0.3015,0.4022,0.2418,0.0193,0,0,0,0,7
0.3,0.3,0.02,0.1,0,0,0.4,8,0,4.5,0.083,0.2204,0.3935,0.3022,0.3757,0.2189,0.0118,0,0,0,0,7
0.3,0.3,0.02,0.1,0,2,0.4,8,0,3.0,0.1057,0.1925,0.4061,0.297,0.3098,0.2824,0.0188,0,0,0,0,8
0.3,0.3,0.02,0.1,200,0,0.4,8,0,4.5,0.0828,0.2201,0.3937,0.3017,0.3752,0.213,0.0122,0,0,0,0,6
0.3,0.3,0.02,0.1,200,2,0.4,8,0,3.0,0.106,0.1925,0.4062,0.297,0.3115,0.2824,0.0188,0,0,0,0,8
0.3,0.3,0.02,0.3,0,0,0.4,8,0,3.0,0.0808,0.2195,0.3968,0.3013,0.3915,0.184,0.0103,0,0,0,0,1
0.3,0.3,0.02,0.3,0,2,0.4,8,0,3.0,0.11,0.1912,0.4056,0.2944,0.3322,0.23,0.021,0,0,0,0,7
0.3,0.3,0.02,0.3,200,0,0.4,8,0,3.0,0.0804,0.219,0.3971,0.3015,0.3935,0.1796,0.0105,0,0,0,0,0
0.3,0.3,0.02,0.3,200,2,0.4,8,0,3.0,0.11,0.1912,0.4056,0.2944,0.3328,0.23,0.021,0,0,0,0,7
0.3,0.3,0.02,0.6,0,0,0.4,8,0,3.0,0.0801,0.2171,0.4033,0.2997,0.4332,0.1542,0.0088,0,0,0,0,0
0.3,0.3,0.02,0.6,0,2,0.4,8,0,3.0,0.1129,0.1902,0.4051,0.2922,0.3907,0.2051,0.0228,0,0,0,0,4
0.3,0.3,0.02,0.6,200,0,0.4,8,0,3.0,0.0805,0.217,0.4035,0.2997,0.4345,0.154,0.0088,0,0,0,0,0
0.3,0.3,0.02,0.6,200,2,0.4,8,0,3.0,0.1129,0.1902,0.4051,0.2922,0.3925,0.2051,0.0228,0,0,0,0,4
0.3,0.3,0.1,0.1,0,0,0.4,8,0,4.5,0.1201,0.2022,0.3963,0.2825,0.3382,0.2153,0.0258,0,0,0,0,5
0.3,0.3,0.1,0.1,0,2,0.4,8,0,3.0,0.1133,0.19,0.4055,0.2927,0.3055,0.3014,0.0225,0,0,0,0,8
0.3,0.3,0.1,0.1,200,0,0.4,8,0,4.5,0.1202,0.202,0.3971,0.2818,0.3403,0.2082,0.0258,0,0,0,0,4
0.3,0.3,0.1,0.1,200,2,0.4,8,0,3.0,0.1133,0.19,0.4055,0.2927,0.3073,0.3014,0.0225,0,0,0,0,8
0.3,0.3,0.1,0.3,0,0,0.4,8,0,3.0,0.1155,0.201,0.4036,0.2818,0.3608,0.1698,0.0202,0,0,0,0,2
0.3,0.3,0.1,0.3,0,2,0.4,8,0,3.0,0.1136,0.1897,0.4051,0.2921,0.329,0.2325,0.0228,0,0,0,0,7
0.3,0.3,0.1,0.3,200,0,0.4,8,0,3.0,0.1157,0.2008,0.4043,0.2818,0.3627,0.1764,0.0205,0,0,0,0,2
0.3,0.3,0.1,0.3,200,2,0.4,8,0,3.0,0.1136,0.1897,0.4051,0.2921,0.3303,0.2325,0.0228,0,0,0,0,7
0.3,0.3,0.1,0.6,0,0,0.4,8,0,3.0,0.1101,0.2012,0.4078,0.2813,0.4205,0.1455,0.0165,0,0,0,0,0
0.3,0.3,0.1,0.6,0,2,0.4,8,0,3.0,0.1136,0.1897,0.4051,0.2921,0.3905,0.2094,0.0228,0,0,0,0,4
0.3,0.3,0.1,0.6,200,0,0.4,8,0,3.0,0.1103,0.2003,0.4086,0.2811,0.4218,0.1467,0.0168,0,0,0,0,0
0.3,0.3,0.1,0.6,200,2,0.4,8,0,3.0,0.1136,0.1897,0.4051,0.2921,0.3923,0.2094,0.0228,0,0,0,0,4
0.3,0.6,0.0,0.1,0,0,0.4,8,0,3.0,0.032,0.2539,0.3827,0.3315,0.5287,0.0801,0.0003,0,0,0,0,0
0.3,0.6,0.0,0.1,0,2,0.4,8,0,2.5,0.0814,0.2,0.4194,0.2992,0.4188,0.1183,0.009,0,0,0,0,0
0.3,0.6,0.0,0.1,200,0,0.4,8,0,3.0,0.032,0.2535,0.3828,0.3317,0.529,0.0741,0.0003,0,0,0,0,0
0.3,0.6,0.0,0.1,200,2,0.4,8,0,2.5,0.0814,0.2001,0.4193,0.2995,0.422,0.126,0.009,0,0,0,0,0
0.3,0.6,0.0,0.3,0,0,0.4,8,0,3.0,0.0328,0.2523,0.3851,0.3308,0.5255,0.0693,0.0003,0,0,0,0,0
0.3,0.6,0.0,0.3,0,2,0.4,8,0,2.0,0.087,0.1974,0.4187,0.2975,0.4175,0.111,0.0127,0,0,0,0,0
0.3,0.6,0.0,0.3,200,0,0.4,8,0,3.0,0.0328,0.2519,0.3851,0.331,0.5247,0.0707,0.0003,0,0,0,0,0
0.3,0.6,0.0,0.3,200,2,0.4,8,0,2.0,0.0869,0.1975,0.4185,0.2979,0.4203,0.1143,0.0125,0,0,0,0,0
0.3,0.6,0.0,0.6,0,0,0.4,8,0,2.5,0.0336,0.2495,0.3878,0.3294,0.5652,0.0675,0.0,0,0,0,0,0
0.3,0.6,0.0,0.6,0,2,0.4,8,0,2.5,0.0933,0.1944,0.4156,0.2955,0.483,0.1153,0.0163,0,0,0,0,0
0.3,0.6,0.0,0.6,200,0,0.4,8,0,2.5,0.0337,0.2493,0.3882,0.3299,0.5648,0.0679,0.0,0,0,0,0,0
0.3,0.6,0.0,0.6,200,2,0.4,8,0,2.5,0.0933,0.1944,0.4157,0.2959,0.4843,0.1152,0.0163,0,0,0,0,0
0.3,0.6,0.02,0.1,0,0,0.4,8,0,3.0,0.072,0.232,0.3923,0.3044,0.4865,0.0666,0.0072,0,0,0,0,0
0.3,0.6,0.02,0.1,0,2,0.4,8,0,2.5,0.0948,0.1924,0.421,0.2918,0.4052,0.12,0.0132,0,0,0,0,0
0.3,0.6,0.02,0.1,200,0,0.4,8,0,3.0,0.0724,0.2312,0.3921,0.3049,0.4877,0.0703,0.007,0,0,0,0,0
0.3,0.6,0.02,0.1,200,2,0.4,8,0,2.5,0.0951,0.1926,0.4205,0.2915,0.4068,0.1207,0.0135,0,0,0,0,0
0.3,0.6,0.02,0.3,0,0,0.4,8,0,3.0,0.0705,0.2295,0.3966,0.3042,0.486,0.0647,0.0053,0,0,0,0,0
0.3,0.6,0.02,0.3,0,2,0.4,8,0,2.0,0.1001,0.1921,0.4185,0.2898,0.4095,0.0993,0.016,0,0,0,0,0
0.3,0.6,0.02,0.3,200,0,0.4,8,0,3.0,0.0704,0.2298,0.3966,0.3045,0.4887,0.0604,0.0053,0,0,0,0,0
0.3,0.6,0.02,0.3,200,2,0.4,8,0,2.0,0.1005,0.192,0.4184,0.2897,0.4112,0.0967,0.016,0,0,0,0,0
0.3,0.6,0.02,0.6,0,0,0.4,8,0,3.0,0.0699,0.226,0.4014,0.3039,0.56,0.0684,0.0045,0,0,0,0,0
0.3,0.6,0.02,0.6,0,2,0.4,8,0,2.5,0.1058,0.1898,0.4148,0.2891,0.481,0.1222,0.0197,0,0,0,0,0
0.3,0.6,0.02,0.6,200,0,0.4,8,0,3.0,0.07,0.2259,0.4014,0.3042,0.5623,0.0669,0.0047,0,0,0,0,0
0.3,0.6,0.02,0.6,200,2,0.4,8,0,2.5,0.1059,0.1899,0.4145,0.289,0.481,0.1219,0.0197,0,0,0,0,0
0.3,0.6,0.1,0.1,0,0,0.4,8,0,3.0,0.1197,0.2088,0.3982,0.2761,0.4385,0.0742,0.022,0,0,0,0,0
0.3,0.6,0.1,0.1,0,2,0.4,8,0,2.5,0.107,0.1924,0.4125,0.2889,0.3915,0.1344,0.018,0,0,0,0,0
0.3,0.6,0.1,0.1,200,0,0.4,8,0,3.0,0.1193,0.2088,0.3982,0.2769,0.44,0.0734,0.022,0,0,0,0,0
0.3,0.6,0.1,0.1,200,2,0.4,8,0,2.5,0.1071,0.1925,0.4126,0.2889,0.3922,0.1331,0.018,0,0,0,0,0
0.3,0.6,0.1,0.3,0,0,0.4,8,0,3.0,0.1118,0.2068,0.4035,0.2779,0.4507,0.0633,0.0167,0,0,0,0,0
0.3,0.6,0.1,0.3,0,2,0.4,8,0,2.5,0.1101,0.1889,0.4123,0.2877,0.3955,0.1044,0.0205,0,0,0,0,0
0.3,0.6,0.1,0.3,200,0,0.4,8,0,3.0,0.1113,0.2065,0.4034,0.2793,0.4505,0.0615,0.0162,0,0,0,0,0
0.3,0.6,0.1,0.3,200,2,0.4,8,0,2.5,0.1102,0.189,0.4122,0.2878,0.396,0.1034,0.0207,0,0,0,0,0
0.3,0.6,0.1,0.6,0,0,0.4,8,0,3.0,0.1057,0.2059,0.4108,0.2795,0.546,0.0588,0.0123,0,0,0,0,0
0.3,0.6,0.1,0.6,0,2,0.4,8,0,2.5,0.1167,0.188,0.4098,0.2873,0.4722,0.1077,0.0237,0,0,0,0,0
0.3,0.6,0.1,0.6,200,0,0.4,8,0,3.0,0.1053,0.2055,0.4106,0.2801,0.5438,0.0587,0.0122,0,0,0,0,0
0.3,0.6,0.1,0.6,200,2,0.4,8,0,2.5,0.1167,0.1879,0.4097,0.2875,0.4743,0.1077,0.0237,0,0,0,0,0
0.5,0.1,0.0,0.1,0,0,0.4,8,0,4.5,0.0428,0.2247,0.3966,0.3364,0.4173,0.242,0.0003,0,0,0,0,8
0.5,0.1,0.0,0.1,0,2,0.4,8,0,3.0,0.1129,0.19,0.4052,0.2923,0.3418,0.3433,0.0227,0,0,0,0,8
0.5,0.1,0.0,0.1,200,0,0.4,8,0,4.5,0.0429,0.2246,0.3966,0.3364,0.4185,0.2399,0.0003,0,0,0,0,8
0.5,0.1,0.0,0.1,200,2,0.4,8,0,3.0,0.1129,0.19,0.4052,0.2923,0.3427,0.3433,0.0227,0,0,0,0,8
0.5,0.1,0.0,0.3,0,0,0.4,8,0,3.0,0.0428,0.2242,0.3968,0.3358,0.4177,0.2261,0.0003,0,0,0,0,7
0.5,0.1,0.0,0.3,0,2,0.4,8,0,3.0,0.1132,0.1897,0.4051,0.2921,0.3505,0.2361,0.0228,0,0,0,0,7
0.5,0.1,0.0,0.3,200,0,0.4,8,0,3.0,0.0429,0.2242,0.3968,0.3358,0.4187,0.2261,0.0003,0,0,0,0,7
0.5,0.1,0.0,0.3,200,2,0.4,8,0,3.0,0.1132,0.1897,0.4051,0.2921,0.3517,0.2361,0.0228,0,0,0,0,7
0.5,0.1,0.0,0.6,0,0,0.4,8,0,3.0,0.0429,0.2238,0.3974,0.3353,0.4175,0.1842,0.0003,0,0,0,0,3
0.5,0.1,0.0,0.6,0,2,0.4,8,0,2.5,0.1135,0.1897,0.4052,0.2921,0.3767,0.1896,0.0227,0,0,0,0,4
0.5,0.1,0.0,0.6,200,0,0.4,8,0,3.0,0.043,0.2236,0.3975,0.3353,0.4187,0.1833,0.0003,0,0,0,0,3
0.5,0.1,0.0,0.6,200,2,0.4,8,0,2.5,0.1135,0.1897,0.4052,0.2921,0.3777,0.1896,0.0227,0,0,0,0,4
0.5,0.1,0.02,0.1,0,0,0.4,8,0,4.5,0.0908,0.206,0.4009,0.3032,0.3788,0.3118,0.0143,0,0,0,0,8
0.5,0.1,0.02,0.1,0,2,0.4,8,0,3.0,0.1136,0.1897,0.4051,0.2921,0.3418,0.3405,0.0228,0,0,0,0,8
0.5,0.1,0.02,0.1,200,0,0.4,8,0,4.5,0.0908,0.2059,0.4008,0.3033,0.38,0.3107,0.0143,0,0,0,0,8
0.5,0.1,0.02,0.1,200,2,0.4,8,0,3.0,0.1136,0.1897,0.4051,0.2921,0.3427,0.3405,0.0228,0,0,0,0,8
0.5,0.1,0.02,0.3,0,0,0.4,8,0,3.0,0.091,0.2053,0.4024,0.3032,0.3792,0.2362,0.014,0,0,0,0,7
0.5,0.1,0.02,0.3,0,2,0.4,8,0,3.0,0.1136,0.1897,0.4051,0.2921,0.3507,0.2328,0.0228,0,0,0,0,7
0.5,0.1,0.02,0.3,200,0,0.4,8,0,3.0,0.091,0.2054,0.4022,0.3032,0.3798,0.2339,0.014,0,0,0,0,6
0.5,0.1,0.02,0.3,200,2,0.4,8,0,3.0,0.1136,0.1897,0.4051,0.2921,0.3518,0.2328,0.0228,0,0,0,0,7
0.5,0.1,0.02,0.6,0,0,0.4,8,0,3.0,0.0902,0.2045,0.4043,0.3026,0.3983,0.1855,0.014,0,0,0,0,2
0.5,0.1,0.02,0.6,0,2,0.4,8,0,2.5,0.1135,0.1897,0.4052,0.2921,0.3767,0.1843,0.0227,0,0,0,0,4
0.5,0.1,0.02,0.6,200,0,0.4,8,0,3.0,0.0902,0.2044,0.4043,0.3026,0.3988,0.1855,0.014,0,0,0,0,2
0.5,0.1,0.02,0.6,200,2,0.4,8,0,2.5,0.1135,0.1897,0.4052,0.2921,0.3777,0.1843,0.0227,0,0,0,0,4
0.5,0.1,0.1,0.1,0,0,0.4,8,0,4.5,0.11,0.1957,0.4022,0.2927,0.3553,0.3095,0.022,0,0,0,0,8
0.5,0.1,0.1,0.1,0,2,0.4,8,0,3.0,0.1136,0.1897,0.4051,0.2921,0.3418,0.3405,0.0228,0,0,0,0,8
0.5,0.1,0.1,0.1,200,0,0.4,8,0,4.5,0.1099,0.1957,0.4023,0.2929,0.355,0.3095,0.022,0,0,0,0,8
0.5,0.1,0.1,0.1,200,2,0.4,8,0,3.0,0.1136,0.1897,0.4051,0.2921,0.3427,0.3405,0.0228,0,0,0,0,8
0.5,0.1,0.1,0.3,0,0,0.4,8,0,3.0,0.1086,0.1951,0.4048,0.2931,0.359,0.2357,0.0207,0,0,0,0,6
0.5,0.1,0.1,0.3,0,2,0.4,8,0,3.0,0.1136,0.1897,0.4051,0.2921,0.3507,0.2328,0.0228,0,0,0,0,7
0.5,0.1,0.1,0.3,200,0,0.4,8,0,3.0,0.1086,0.195,0.4047,0.2933,0.3595,0.2355,0.0207,0,0,0,0,6
0.5,0.1,0.1,0.3,200,2,0.4,8,0,3.0,0.1136,0.1897,0.4051,0.2921,0.3518,0.2328,0.0228,0,0,0,0,7
0.5,0.1,0.1,0.6,0,0,0.4,8,0,3.0,0.1068,0.1934,0.4067,0.293,0.3845,0.1723,0.0193,0,0,0,0,2
0.5,0.1,0.1,0.6,0,2,0.4,8,0,2.5,0.1135,0.1897,0.4052,0.2921,0.3767,0.1843,0.0227,0,0,0,0,4
0.5,0.1,0.1,0.6,200,0,0.4,8,0,3.0,0.1068,0.1933,0.4066,0.2931,0.3852,0.1723,0.0193,0,0,0,0,2
0.5,0.1,0.1,0.6,200,2,0.4,8,0,2.5,0.1135,0.1897,0.4052,0.2921,0.3777,0.1843,0.0227,0,0,0,0,4
0.5,0.3,0.0,0.1,0,0,0.4,8,0,3.5,0.0389,0.2373,0.3912,0.3338,0.4663,0.1143,0.0003,0,0,0,0,0
0.5,0.3,0.0,0.1,0,2,0.4,8,0,2.5,0.0974,0.1977,0.4048,0.3024,0.3882,0.1895,0.0167,0,0,0,0,3
0.5,0.3,0.0,0.1,200,0,0.4,8,0,3.5,0.0389,0.2373,0.3911,0.3339,0.4668,0.1128,0.0003,0,0,0,0,0
0.5,0.3,0.0,0.1,200,2,0.4,8,0,2.5,0.0975,0.1976,0.4049,0.3023,0.3893,0.1895,0.0167,0,0,0,0,3
0.5,0.3,0.0,0.3,0,0,0.4,8,0,3.0,0.0394,0.2365,0.392,0.3328,0.4672,0.105,0.0003,0,0,0,0,0
0.5,0.3,0.0,0.3,0,2,0.4,8,0,3.0,0.1007,0.1962,0.4044,0.2997,0.387,0.1492,0.0187,0,0,0,0,0
0.5,0.3,0.0,0.3,200,0,0.4,8,0,3.0,0.0394,0.2365,0.3918,0.3329,0.468,0.104,0.0003,0,0,0,0,0
0.5,0.3,0.0,0.3,200,2,0.4,8,0,3.0,0.1007,0.1962,0.4045,0.2996,0.3883,0.1492,0.0187,0,0,0,0,0
0.5,0.3,0.0,0.6,0,0,0.4,8,0,3.0,0.0401,0.2359,0.3936,0.3314,0.465,0.1023,0.0003,0,0,0,0,0
0.5,0.3,0.0,0.6,0,2,0.4,8,0,3.0,0.1057,0.1941,0.404,0.2971,0.414,0.1299,0.021,0,0,0,0,0
0.5,0.3,0.0,0.6,200,0,0.4,8,0,3.0,0.0401,0.2358,0.3936,0.3316,0.4657,0.101,0.0003,0,0,0,0,0
0.5,0.3,0.0,0.6,200,2,0.4,8,0,3.0,0.1058,0.1938,0.404,0.2971,0.4142,0.1299,0.021,0,0,0,0,0
0.5,0.3,0.02,0.1,0,0,0.4,8,0,3.5,0.0778,0.2173,0.3975,0.307,0.4335,0.1275,0.01,0,0,0,0,0
0.5,0.3,0.02,0.1,0,2,0.4,8,0,2.5,0.11,0.1903,0.4057,0.2941,0.379,0.2129,0.021,0,0,0,0,7
0.5,0.3,0.02,0.1,200,0,0.4,8,0,3.5,0.0774,0.2174,0.397,0.3076,0.4365,0.1299,0.01,0,0,0,0,0
0.5,0.3,0.02,0.1,200,2,0.4,8,0,2.5,0.11,0.1903,0.4057,0.2941,0.3792,0.2129,0.021,0,0,0,0,7
0.5,0.3,0.02,0.3,0,0,0.4,8,0,3.0,0.0757,0.2176,0.3993,0.3065,0.4322,0.0959,0.0087,0,0,0,0,0
0.5,0.3,0.02,0.3,0,2,0.4,8,0,3.0,0.1129,0.1898,0.4052,0.2922,0.3783,0.1341,0.0228,0,0,0,0,1
0.5,0.3,0.02,0.3,200,0,0.4,8,0,3.0,0.0757,0.2176,0.3993,0.3068,0.4345,0.0968,0.0087,0,0,0,0,0
0.5,0.3,0.02,0.3,200,2,0.4,8,0,3.0,0.1129,0.1898,0.4052,0.2922,0.3787,0.1341,0.0228,0,0,0,0,1
0.5,0.3,0.02,0.6,0,0,0.4,8,0,3.0,0.0745,0.2174,0.403,0.3058,0.4482,0.0869,0.0075,0,0,0,0,0
0.5,0.3,0.02,0.6,0,2,0.4,8,0,3.0,0.1132,0.1897,0.4051,0.2921,0.4062,0.1166,0.0228,0,0,0,0,1
0.5,0.3,0.02,0.6,200,0,0.4,8,0,3.0,0.0745,0.2174,0.4027,0.3065,0.45,0.0869,0.0075,0,0,0,0,0
0.5,0.3,0.02,0.6,200,2,0.4,8,0,3.0,0.1132,0.1897,0.4051,0.2921,0.4077,0.1166,0.0228,0,0,0,0,1
0.5,0.3,0.1,0.1,0,0,0.4,8,0,3.5,0.1084,0.2031,0.3985,0.289,0.4058,0.1343,0.0207,0,0,0,0,0
0.5,0.3,0.1,0.1,0,2,0.4,8,0,3.0,0.1136,0.1897,0.4051,0.2923,0.376,0.2197,0.0228,0,0,0,0,5
0.5,0.3,0.1,0.1,200,0,0.4,8,0,3.5,0.1085,0.2032,0.3983,0.2888,0.4065,0.1343,0.0207,0,0,0,0,0
0.5,0.3,0.1,0.1,200,2,0.4,8,0,3.0,0.1136,0.1897,0.4051,0.2923,0.3762,0.2197,0.0228,0,0,0,0,5
0.5,0.3,0.1,0.3,0,0,0.4,8,0,3.0,0.1052,0.2036,0.4031,0.2891,0.4068,0.1032,0.0178,0,0,0,0,0
0.5,0.3,0.1,0.3,0,2,0.4,8,0,3.0,0.1136,0.1897,0.4051,0.2921,0.3783,0.1384,0.0228,0,0,0,0,1
0.5,0.3,0.1,0.3,200,0,0.4,8,0,3.0,0.1053,0.2032,0.4027,0.2891,0.408,0.1032,0.0178,0,0,0,0,0
0.5,0.3,0.1,0.3,200,2,0.4,8,0,3.0,0.1136,0.1897,0.4051,0.2921,0.3787,0.1384,0.0228,0,0,0,0,1
0.5,0.3,0.1,0.6,0,0,0.4,8,0,3.0,0.1019,0.202,0.4068,0.2901,0.4257,0.0827,0.0142,0,0,0,0,0
0.5,0.3,0.1,0.6,0,2,0.4,8,0,3.0,0.1136,0.1897,0.4051,0.2921,0.4063,0.1166,0.0228,0,0,0,0,0
0.5,0.3,0.1,0.6,200,0,0.4,8,0,3.0,0.1019,0.2017,0.4068,0.29,0.4275,0.0827,0.0142,0,0,0,0,0
0.5,0.3,0.1,0.6,200,2,0.4,8,0,3.0,0.1136,0.1897,0.4051,0.2921,0.4078,0.1166,0.0228,0,0,0,0,0
0.5,0.6,0.0,0.1,0,0,0.4,8,0,3.0,0.034,0.2464,0.3867,0.3327,0.5445,0.0813,0.0003,0,0,0,0,0
0.5,0.6,0.0,0.1,0,2,0.4,8,0,2.0,0.0827,0.2005,0.4084,0.3088,0.4555,0.0989,0.011,0,0,0,0,0
0.5,0.6,0.0,0.1,200,0,0.4,8,0,3.0,0.034,0.2462,0.3867,0.3329,0.545,0.0778,0.0003,0,0,0,0,0
0.5,0.6,0.0,0.1,200,2,0.4,8,0,2.0,0.0826,0.2007,0.408,0.3087,0.4558,0.1002,0.011,0,0,0,0,0
0.5,0.6,0.0,0.3,0,0,0.4,8,0,3.0,0.0344,0.2454,0.3887,0.3324,0.543,0.0766,0.0003,0,0,0,0,0
0.5,0.6,0.0,0.3,0,2,0.4,8,0,2.0,0.0874,0.1995,0.4076,0.3058,0.4532,0.0747,0.0133,0,0,0,0,0
0.5,0.6,0.0,0.3,200,0,0.4,8,0,3.0,0.0344,0.2453,0.3884,0.3326,0.5433,0.0742,0.0003,0,0,0,0,0
0.5,0.6,0.0,0.3,200,2,0.4,8,0,2.0,0.0873,0.1997,0.4076,0.3065,0.4537,0.0773,0.0133,0,0,0,0,0
0.5,0.6,0.0,0.6,0,0,0.4,8,0,2.5,0.035,0.2436,0.3903,0.3306,0.5415,0.0742,0.0,0,0,0,0,0
0.5,0.6,0.0,0.6,0,2,0.4,8,0,2.5,0.0966,0.1969,0.405,0.3013,0.4687,0.072,0.0188,0,0,0,0,0
0.5,0.6,0.0,0.6,200,0,0.4,8,0,2.5,0.035,0.2435,0.3902,0.3309,0.5415,0.0732,0.0,0,0,0,0,0
0.5,0.6,0.0,0.6,200,2,0.4,8,0,2.5,0.0961,0.1968,0.405,0.3018,0.4692,0.0709,0.0187,0,0,0,0,0
0.5,0.6,0.02,0.1,0,0,0.4,8,0,3.0,0.0658,0.2306,0.3935,0.3099,0.5072,0.075,0.006,0,0,0,0,0
0.5,0.6,0.02,0.1,0,2,0.4,8,0,2.0,0.0952,0.1979,0.4079,0.2998,0.4392,0.102,0.0142,0,0,0,0,0
0.5,0.6,0.02,0.1,200,0,0.4,8,0,3.0,0.066,0.231,0.3929,0.3103,0.5067,0.0788,0.0062,0,0,0,0,0
0.5,0.6,0.02,0.1,200,2,0.4,8,0,2.0,0.0952,0.1979,0.4079,0.2998,0.4383,0.1028,0.0142,0,0,0,0,0
0.5,0.6,0.02,0.3,0,0,0.4,8,0,3.0,0.0642,0.2301,0.3967,0.3093,0.506,0.0701,0.0042,0,0,0,0,0
0.5,0.6,0.02,0.3,0,2,0.4,8,0,2.0,0.1012,0.1959,0.4059,0.299,0.4333,0.082,0.0178,0,0,0,0,0
0.5,0.6,0.02,0.3,200,0,0.4,8,0,3.0,0.0642,0.2301,0.3962,0.3096,0.5065,0.0745,0.0042,0,0,0,0,0
0.5,0.6,0.02,0.3,200,2,0.4,8,0,2.0,0.1012,0.1959,0.4059,0.299,0.4328,0.082,0.0178,0,0,0,0,0
0.5,0.6,0.02,0.6,0,0,0.4,8,0,2.5,0.0629,0.227,0.4001,0.31,0.5133,0.0746,0.003,0,0,0,0,0
0.5,0.6,0.02,0.6,0,2,0.4,8,0,2.5,0.1066,0.1943,0.4047,0.2944,0.4567,0.0737,0.021,0,0,0,0,0
0.5,0.6,0.02,0.6,200,0,0.4,8,0,2.5,0.0629,0.2276,0.3998,0.31,0.5128,0.077,0.003,0,0,0,0,0
0.5,0.6,0.02,0.6,200,2,0.4,8,0,2.5,0.1066,0.1943,0.4047,0.2944,0.4562,0.0737,0.021,0,0,0,0,0
0.5,0.6,0.1,0.1,0,0,0.4,8,0,3.0,0.1004,0.2116,0.4005,0.2894,0.484,0.0784,0.0153,0,0,0,0,0
0.5,0.6,0.1,0.1,0,2,0.4,8,0,2.0,0.1061,0.1923,0.4069,0.2969,0.4313,0.103,0.0182,0,0,0,0,0
0.5,0.6,0.1,0.1,200,0,0.4,8,0,3.0,0.1,0.2117,0.4008,0.2896,0.4843,0.0763,0.015,0,0,0,0,0
0.5,0.6,0.1,0.1,200,2,0.4,8,0,2.0,0.1061,0.1923,0.4069,0.2969,0.4308,0.103,0.018,0,0,0,0,0
0.5,0.6,0.1,0.3,0,0,0.4,8,0,3.0,0.0971,0.2103,0.4036,0.2905,0.4877,0.0689,0.0122,0,0,0,0,0
0.5,0.6,0.1,0.3,0,2,0.4,8,0,2.0,0.11,0.1911,0.4063,0.2946,0.428,0.08,0.0203,0,0,0,0,0
0.5,0.6,0.1,0.3,200,0,0.4,8,0,3.0,0.0971,0.2103,0.4037,0.2906,0.4873,0.0682,0.0122,0,0,0,0,0
0.5,0.6,0.1,0.3,200,2,0.4,8,0,2.0,0.11,0.1911,0.4063,0.2946,0.4278,0.08,0.0203,0,0,0,0,0
0.5,0.6,0.1,0.6,0,0,0.4,8,0,3.0,0.093,0.2095,0.4073,0.2898,0.5065,0.0615,0.0093,0,0,0,0,0
0.5,0.6,0.1,0.6,0,2,0.4,8,0,2.5,0.1136,0.1898,0.4053,0.2919,0.4532,0.0735,0.023,0,0,0,0,0
0.5,0.6,0.1,0.6,200,0,0.4,8,0,3.0,0.093,0.2096,0.4072,0.2904,0.506,0.0625,0.0093,0,0,0,0,0
0.5,0.6,0.1,0.6,200,2,0.4,8,0,2.5,0.1136,0.1898,0.4053,0.2919,0.453,0.0735,0.023,0,0,0,0,0
