step,strand,weaves_fired,p_R,p_A,p_B,p_C
0,Checker,R,0.693,0.0,0.3,0.0
1,Recaller,R,0.4851,0.0,0.51,0.0
2,Orienter,B+R,0.3528,0.24,0.5499,0.075
3,Doubter,B+C,0.3784,0.4802,0.5695,0.1236
4,Weigher,B,0.3908,0.6049,0.3986,0.1893
5,Connector,A+B,0.415,0.5618,0.279,0.4751
6,Noticer,B+C,0.4381,0.7003,0.4367,0.3826
7,Orienter,B+R,0.3206,0.7722,0.514,0.4289
8,Connector,A+B,0.3475,0.6508,0.3598,0.6302
9,Asker,A+C,0.3733,0.51,0.5519,0.6088
10,Connector,A+B,0.3981,0.5113,0.3863,0.7467
11,Composer,A,0.4102,0.3579,0.3863,0.8227
12,Connector,A+B,0.4335,0.4304,0.2704,0.8852
13,Composer,A,0.4448,0.3013,0.2704,0.9196
14,Asker,A+C,0.4668,0.2898,0.4893,0.7506
15,Composer,A,0.4775,0.2029,0.4893,0.8254
16,Connector,A+B,0.4982,0.3479,0.3425,0.887
17,Asker,A+C,0.5181,0.3192,0.5398,0.7346
18,Connector,A+B,0.5371,0.4098,0.3778,0.8282
19,Doubter,B+C,0.5555,0.5963,0.4851,0.6112
20,Weigher,B,0.5644,0.6932,0.3396,0.6404
21,Noticer,B+C,0.5816,0.7901,0.4664,0.4897
22,Orienter,B+R,0.419,0.8405,0.5285,0.5279
23,Noticer,B+C,0.442,0.8909,0.559,0.4168
24,Weigher,B,0.4532,0.9171,0.3913,0.4606
25,Noticer,B+C,0.4748,0.9433,0.4917,0.3732
26,Reader,C,0.4853,0.949,0.6442,0.2613
27,Noticer,B+C,0.5057,0.9651,0.6157,0.2442
28,Orienter,B+R,0.3669,0.9735,0.6017,0.3009
29,Connector,A+B,0.392,0.7579,0.4212,0.5473
30,Orienter,B+R,0.2889,0.816,0.5064,0.5813
31,Checker,R,0.2022,0.816,0.6545,0.5813
32,Orienter,B+R,0.1587,0.8602,0.6207,0.6127
33,Weigher,B,0.1756,0.8937,0.4345,0.6417
34,Orienter,B+R,0.1404,0.9192,0.5129,0.6686
35,Noticer,B+C,0.1745,0.9448,0.5513,0.5079
36,Asker,A+C,0.2072,0.6952,0.6859,0.5489
37,Noticer,B+C,0.2386,0.7915,0.6361,0.4304
38,Doubter,B+C,0.2687,0.8574,0.6117,0.3537
39,Orienter,B+R,0.2043,0.8916,0.5997,0.4022
40,Weigher,B,0.2202,0.9176,0.4198,0.447
41,Doubter,B+C,0.2511,0.9437,0.5057,0.3644
42,Connector,A+B,0.2808,0.742,0.354,0.5885
43,Composer,A,0.2952,0.5194,0.354,0.7119
44,Connector,A+B,0.3231,0.5163,0.2478,0.8135
45,Noticer,B+C,0.3499,0.6692,0.4214,0.6017
46,Connector,A+B,0.3756,0.596,0.295,0.7421
47,Composer,A,0.3881,0.4172,0.295,0.8195
48,Asker,A+C,0.4123,0.3628,0.5065,0.7015
49,Connector,A+B,0.4356,0.433,0.3545,0.8068
50,Composer,A,0.4469,0.3031,0.3545,0.8647
51,Asker,A+C,0.4688,0.291,0.5482,0.7237
52,Noticer,B+C,0.4898,0.515,0.5686,0.5436
53,Orienter,B+R,0.356,0.6314,0.5786,0.5778
54,Checker,R,0.2492,0.6314,0.705,0.5778
55,Orienter,B+R,0.191,0.7199,0.6455,0.6095
56,Recaller,R,0.1337,0.7199,0.7518,0.6095
57,Orienter,B+R,0.1117,0.7871,0.6684,0.6388
58,Noticer,B+C,0.1469,0.8544,0.6275,0.4886
59,Reader,C,0.1639,0.8689,0.7393,0.342
60,Doubter,B+C,0.197,0.9104,0.6622,0.2965
61,Asker,A+C,0.2288,0.6735,0.7636,0.4453
62,Noticer,B+C,0.2594,0.7767,0.6741,0.3633
63,Doubter,B+C,0.2887,0.8473,0.6303,0.3102
64,Connector,A+B,0.3169,0.6907,0.4412,0.5534
65,Asker,A+C,0.3439,0.5352,0.6089,0.5712
66,Doubter,B+C,0.3699,0.6821,0.5983,0.4448
67,Asker,A+C,0.3949,0.5297,0.7188,0.518
68,Noticer,B+C,0.4188,0.6783,0.6522,0.4104
69,Weigher,B,0.4304,0.7555,0.4566,0.4546
70,Orienter,B+R,0.3153,0.8142,0.5237,0.4955
71,Noticer,B+C,0.3424,0.8729,0.5566,0.3958
72,Connector,A+B,0.3684,0.7044,0.3896,0.6088
73,Noticer,B+C,0.3935,0.7978,0.4909,0.4692
74,Reader,C,0.4056,0.818,0.6436,0.3284
75,Asker,A+C,0.4291,0.6154,0.7506,0.4609
76,Noticer,B+C,0.4517,0.7369,0.6678,0.3735
77,Connector,A+B,0.4734,0.632,0.4674,0.5943
78,Asker,A+C,0.4943,0.4982,0.6272,0.5912
79,Doubter,B+C,0.5143,0.6568,0.6073,0.4578
80,Connector,A+B,0.5336,0.5894,0.4251,0.6489
81,Weigher,B,0.5429,0.6879,0.2976,0.6753
82,Orienter,B+R,0.3924,0.7628,0.4458,0.6996
83,Doubter,B+C,0.4165,0.8378,0.5185,0.528
84,Noticer,B+C,0.4396,0.889,0.554,0.4169
85,Weigher,B,0.4508,0.9157,0.3878,0.4606
86,Doubter,B+C,0.4725,0.9423,0.49,0.3732
87,Noticer,B+C,0.4934,0.9605,0.5401,0.3167
88,Reader,C,0.5036,0.9645,0.6781,0.2217
89,Noticer,B+C,0.5232,0.9757,0.6323,0.2185
90,Orienter,B+R,0.3789,0.9815,0.6098,0.2771
91,Noticer,B+C,0.4035,0.9874,0.5988,0.2545
92,Asker,A+C,0.4271,0.722,0.7192,0.4247
93,Doubter,B+C,0.4498,0.8099,0.6524,0.35
94,Noticer,B+C,0.4716,0.87,0.6197,0.3016
95,Orienter,B+R,0.3435,0.9012,0.6036,0.354
96,Checker,R,0.2405,0.9012,0.7225,0.354
97,Orienter,B+R,0.185,0.9249,0.654,0.4024
98,Checker,R,0.1295,0.9249,0.7578,0.4024
99,Orienter,B+R,0.1088,0.9429,0.6713,0.4473
100,Connector,A+B,0.1441,0.7416,0.4699,0.6421
101,Doubter,B+C,0.178,0.8233,0.5303,0.4908
102,Orienter,B+R,0.1421,0.8657,0.5598,0.529
103,Connector,A+B,0.1761,0.7005,0.3919,0.695
104,Noticer,B+C,0.2087,0.7952,0.492,0.525
105,Doubter,B+C,0.24,0.8599,0.5411,0.4149
106,Orienter,B+R,0.1847,0.8935,0.5651,0.4588
107,Doubter,B+C,0.217,0.9272,0.5769,0.3721
108,Reader,C,0.2326,0.9345,0.7038,0.2605
109,Asker,A+C,0.263,0.6887,0.7927,0.4276
110,Connector,A+B,0.2922,0.6064,0.5549,0.6294
111,Doubter,B+C,0.3202,0.7308,0.5719,0.4825
112,Asker,A+C,0.3471,0.5604,0.7003,0.5364
113,Doubter,B+C,0.373,0.6993,0.6432,0.4223
114,Reader,C,0.3855,0.7294,0.7502,0.2956
115,Doubter,B+C,0.4099,0.8149,0.6676,0.2664
116,Weigher,B,0.4217,0.8593,0.4673,0.3214
117,Doubter,B+C,0.4446,0.9038,0.529,0.2831
118,Reader,C,0.4557,0.9134,0.6703,0.1982
119,Noticer,B+C,0.4772,0.9408,0.6284,0.2033
120,Weigher,B,0.4877,0.955,0.4399,0.2631
121,Noticer,B+C,0.508,0.9692,0.5156,0.2453
122,Orienter,B+R,0.3685,0.9766,0.5526,0.3019
123,Noticer,B+C,0.3935,0.984,0.5708,0.2705
124,Orienter,B+R,0.2899,0.9878,0.5797,0.3252
125,Noticer,B+C,0.318,0.9917,0.584,0.2856
126,Reader,C,0.3317,0.9925,0.7088,0.1999
127,Doubter,B+C,0.3582,0.9949,0.6473,0.2044
128,Noticer,B+C,0.3836,0.9965,0.6172,0.2074
129,Doubter,B+C,0.408,0.9976,0.6024,0.2093
130,Orienter,B+R,0.2999,0.9982,0.5952,0.2686
131,Connector,A+B,0.3276,0.771,0.4166,0.5264
132,Noticer,B+C,0.3542,0.8434,0.5041,0.4158
133,Connector,A+B,0.3798,0.6887,0.3529,0.6218
134,Composer,A,0.3922,0.4821,0.3529,0.7352
135,Asker,A+C,0.4163,0.4037,0.547,0.6603
136,Noticer,B+C,0.4394,0.5921,0.568,0.5025
137,Connector,A+B,0.4616,0.555,0.3976,0.6779
138,Composer,A,0.4724,0.3885,0.3976,0.7745
139,Connector,A+B,0.4933,0.4467,0.2783,0.854
140,Asker,A+C,0.5133,0.3814,0.4948,0.7185
141,Composer,A,0.5231,0.267,0.4948,0.8029
142,Connector,A+B,0.5419,0.382,0.3464,0.8724
143,Weigher,B,0.5511,0.5303,0.2425,0.882
144,Connector,A+B,0.5689,0.5221,0.1697,0.9236
145,Orienter,B+R,0.4102,0.6368,0.3832,0.9293
146,Doubter,B+C,0.4336,0.7516,0.4878,0.6767
147,Noticer,B+C,0.456,0.8301,0.539,0.5132
148,Orienter,B+R,0.3328,0.8709,0.5641,0.5497
149,Noticer,B+C,0.3593,0.9117,0.5764,0.4309
150,Doubter,B+C,0.3846,0.9396,0.5824,0.354
151,Reader,C,0.3969,0.9456,0.7077,0.2478
152,Noticer,B+C,0.4208,0.9628,0.6468,0.2355
153,Connector,A+B,0.4438,0.7522,0.4527,0.505
154,Orienter,B+R,0.3244,0.8117,0.5218,0.5421
155,Connector,A+B,0.3512,0.6718,0.3653,0.7035
156,Composer,A,0.3641,0.4703,0.3653,0.7925
157,Asker,A+C,0.3893,0.3963,0.5557,0.6883
158,Doubter,B+C,0.4135,0.587,0.5723,0.5207
159,Noticer,B+C,0.4367,0.7175,0.5804,0.4121
160,Reader,C,0.448,0.7458,0.7063,0.2885
161,Doubter,B+C,0.4699,0.8261,0.6461,0.2618
162,Connector,A+B,0.4909,0.6795,0.4523,0.522
163,Orienter,B+R,0.3567,0.7564,0.5216,0.5579
164,Weigher,B,0.3696,0.8149,0.3651,0.591
165,Connector,A+B,0.3946,0.6735,0.2556,0.7352
166,Composer,A,0.4067,0.4715,0.2556,0.8146
167,Connector,A+B,0.4302,0.4908,0.1789,0.88
168,Noticer,B+C,0.4527,0.6517,0.3877,0.6448
169,Weigher,B,0.4637,0.7353,0.2714,0.6714
170,Doubter,B+C,0.4849,0.8189,0.433,0.5097
171,Orienter,B+R,0.3526,0.8624,0.5122,0.5465
172,Weigher,B,0.3656,0.8954,0.3585,0.5805
173,Noticer,B+C,0.3907,0.9285,0.4757,0.4509
174,Asker,A+C,0.4148,0.6849,0.633,0.5209
175,Composer,A,0.4265,0.4795,0.633,0.6647
176,Connector,A+B,0.4493,0.4951,0.4431,0.7829
177,Noticer,B+C,0.4711,0.6546,0.5171,0.5819
178,Connector,A+B,0.492,0.5883,0.362,0.7293
179,Doubter,B+C,0.5121,0.7184,0.4774,0.5472
180,Orienter,B+R,0.3713,0.786,0.5339,0.5812
181,Doubter,B+C,0.3962,0.8536,0.5616,0.4513
182,Weigher,B,0.4083,0.8887,0.3931,0.4925
183,Connector,A+B,0.4317,0.7128,0.2752,0.6714
184,Doubter,B+C,0.4542,0.8036,0.4348,0.5097
185,Connector,A+B,0.4758,0.6675,0.3044,0.6825
186,Doubter,B+C,0.4966,0.7726,0.4492,0.5169
187,Noticer,B+C,0.5165,0.8444,0.5201,0.4097
188,Connector,A+B,0.5357,0.6892,0.3641,0.6178
189,Doubter,B+C,0.5541,0.7874,0.4784,0.475
190,Weigher,B,0.563,0.8385,0.3349,0.5144
191,Noticer,B+C,0.5803,0.8895,0.4641,0.4081
192,Reader,C,0.5887,0.9006,0.6249,0.2856
193,Noticer,B+C,0.605,0.932,0.6062,0.26
194,Orienter,B+R,0.435,0.9483,0.597,0.3155
195,Connector,A+B,0.4574,0.7445,0.4179,0.5568
196,Weigher,B,0.4682,0.8058,0.2925,0.59
197,Orienter,B+R,0.3412,0.8524,0.4433,0.6208
198,Doubter,B+C,0.3673,0.8991,0.5172,0.4769
199,Reader,C,0.38,0.9092,0.6621,0.3339
200,Doubter,B+C,0.4045,0.9379,0.6244,0.2912
201,Weigher,B,0.4164,0.9528,0.4371,0.3443
202,Connector,A+B,0.4395,0.7469,0.306,0.5755
203,Doubter,B+C,0.4617,0.8269,0.4499,0.4476
204,Weigher,B,0.4725,0.8684,0.3149,0.489
205,Noticer,B+C,0.4934,0.91,0.4543,0.3917
206,Weigher,B,0.5035,0.9316,0.318,0.4373
207,Orienter,B+R,0.3654,0.948,0.4558,0.4795
208,Noticer,B+C,0.3905,0.9644,0.5234,0.3855
209,Connector,A+B,0.4147,0.7531,0.3664,0.6021
210,Doubter,B+C,0.4379,0.8311,0.4795,0.4649
211,Noticer,B+C,0.4601,0.8845,0.535,0.376
212,Connector,A+B,0.4815,0.7105,0.3745,0.596
213,Orienter,B+R,0.3503,0.78,0.4835,0.6263
214,Weigher,B,0.3633,0.8328,0.3384,0.6543
215,Noticer,B+C,0.3885,0.8856,0.4658,0.4987
216,Orienter,B+R,0.2865,0.9131,0.5283,0.5363
217,Connector,A+B,0.3148,0.7258,0.3698,0.6997
218,Composer,A,0.3285,0.508,0.3698,0.7898
219,Connector,A+B,0.3551,0.5103,0.2588,0.8639
220,Weigher,B,0.368,0.6278,0.1812,0.8741
221,Noticer,B+C,0.393,0.7454,0.3888,0.641
222,Asker,A+C,0.417,0.5696,0.5721,0.6141
223,Noticer,B+C,0.4401,0.7056,0.5804,0.4726
224,Asker,A+C,0.4623,0.5445,0.7062,0.5316
225,Composer,A,0.473,0.3812,0.7062,0.6721
226,Asker,A+C,0.4939,0.3401,0.7944,0.6293
227,Connector,A+B,0.514,0.421,0.5561,0.76
228,Asker,A+C,0.5332,0.3652,0.6892,0.6724
229,Doubter,B+C,0.5517,0.5658,0.6377,0.5104
230,Noticer,B+C,0.5694,0.703,0.6125,0.4055
231,Asker,A+C,0.5865,0.5429,0.7287,0.4987
232,Connector,A+B,0.6029,0.5288,0.5101,0.6754
233,Asker,A+C,0.6186,0.4332,0.6571,0.6309
234,Composer,A,0.6262,0.3032,0.6571,0.7417
235,Connector,A+B,0.641,0.4013,0.46,0.8327
236,Composer,A,0.6482,0.2809,0.46,0.8829
237,Asker,A+C,0.6621,0.277,0.622,0.7326
238,Connector,A+B,0.6755,0.3874,0.4354,0.8269
239,Asker,A+C,0.6884,0.344,0.6048,0.7052
240,Connector,A+B,0.7007,0.423,0.4233,0.8091
241,Noticer,B+C,0.7126,0.6053,0.5074,0.5989
242,Weigher,B,0.7183,0.7001,0.3552,0.629
243,Noticer,B+C,0.7295,0.7948,0.4741,0.4823
244,Connector,A+B,0.7402,0.6629,0.3318,0.6648
245,Doubter,B+C,0.7505,0.7694,0.4626,0.5054
246,Orienter,B+R,0.5348,0.8247,0.5267,0.5425
247,Doubter,B+C,0.5532,0.8801,0.5581,0.4263
248,Connector,A+B,0.5709,0.7082,0.3906,0.6285
249,Doubter,B+C,0.5879,0.8004,0.4914,0.482
250,Orienter,B+R,0.4233,0.8483,0.5408,0.5208
251,Doubter,B+C,0.4462,0.8963,0.565,0.4122
252,Weigher,B,0.4572,0.9212,0.3955,0.4563
253,Orienter,B+R,0.3337,0.9401,0.4938,0.4971
254,Doubter,B+C,0.36,0.959,0.542,0.3969
255,Noticer,B+C,0.3854,0.972,0.5656,0.332
256,Orienter,B+R,0.2844,0.9787,0.5771,0.3821
257,Doubter,B+C,0.3127,0.9854,0.5828,0.3224
258,Asker,A+C,0.3399,0.7208,0.708,0.458
259,Connector,A+B,0.3661,0.6235,0.4956,0.649
260,Doubter,B+C,0.3912,0.7425,0.5428,0.4953
261,Connector,A+B,0.4153,0.635,0.38,0.6732
262,Orienter,B+R,0.3049,0.7226,0.4862,0.6977
263,Connector,A+B,0.3324,0.6244,0.3403,0.8043
264,Doubter,B+C,0.3588,0.7431,0.4668,0.5958
265,Noticer,B+C,0.3842,0.8243,0.5287,0.4608
266,Doubter,B+C,0.4086,0.8798,0.5591,0.3733
267,Orienter,B+R,0.3003,0.9087,0.5739,0.4203
268,Connector,A+B,0.328,0.7234,0.4018,0.6247
269,Asker,A+C,0.3546,0.5557,0.5812,0.6061
270,Composer,A,0.3675,0.389,0.5812,0.7243
271,Connector,A+B,0.3926,0.447,0.4069,0.8215
272,Weigher,B,0.4047,0.5797,0.2848,0.8348
273,Doubter,B+C,0.4283,0.7125,0.4396,0.6156
274,Connector,A+B,0.4509,0.6191,0.3077,0.7511
275,Asker,A+C,0.4727,0.49,0.5154,0.668
276,Noticer,B+C,0.4936,0.6512,0.5525,0.5075
277,Reader,C,0.5037,0.686,0.6868,0.3553
278,Doubter,B+C,0.5234,0.7853,0.6365,0.305
279,Reader,C,0.5329,0.8067,0.7456,0.2135
280,Noticer,B+C,0.5514,0.8678,0.6653,0.2133
281,Asker,A+C,0.5691,0.6467,0.7657,0.4045
282,Noticer,B+C,0.5862,0.7584,0.6752,0.3369
283,Doubter,B+C,0.6026,0.8347,0.6309,0.2932
284,Asker,A+C,0.6183,0.6259,0.7416,0.4436
285,Doubter,B+C,0.6334,0.7441,0.6634,0.3623
286,Orienter,B+R,0.4545,0.8055,0.6251,0.4101
287,Doubter,B+C,0.4761,0.867,0.6063,0.3405
288,Asker,A+C,0.4969,0.6462,0.7244,0.4669
289,Reader,C,0.507,0.6816,0.8071,0.3268
290,Doubter,B+C,0.5265,0.7822,0.6955,0.2866
291,Connector,A+B,0.5452,0.6561,0.4868,0.5381
292,Doubter,B+C,0.5632,0.7648,0.5385,0.4234
293,Connector,A+B,0.5805,0.6469,0.377,0.6267
294,Noticer,B+C,0.5971,0.7585,0.4847,0.4808
295,Weigher,B,0.6052,0.8164,0.3393,0.5197
296,Orienter,B+R,0.4352,0.8605,0.4663,0.5557
297,Checker,R,0.3046,0.8605,0.6264,0.5557
298,Orienter,B+R,0.229,0.894,0.6069,0.589
299,Connector,A+B,0.2595,0.7156,0.4248,0.7339
